,pearson,kendall,spearman,var_pk,var_sk,var_ps
Rural land area where elevation is below 5 meters (sq. km),0.13341187758352013,0.20242629905513096,0.32494805044334846,-0.06901442147161083,0.1225217513882175,-0.19153617285982832
Population living in areas where elevation is below 5 meters (% of total population),-0.1749802710438136,0.04855192365600719,0.07560345088923082,-0.2235321946998208,0.027051527233223627,-0.25058372193304446
Urban land area where elevation is below 5 meters (% of total land area),-0.027235504274743104,0.1250471023777619,0.1476814315032223,-0.152282606652505,0.0226343291254604,-0.1749169357779654
Urban land area where elevation is below 5 meters (sq. km),0.14323201854044204,0.2535612126751988,0.35397646169373725,-0.11032919413475678,0.10041524901853843,-0.2107444431532952
Rural population living in areas where elevation is below 5 meters (% of total population),-0.18739735686215486,-0.04283343250562682,-0.041480994254397587,-0.14456392435652804,0.0013524382512292363,-0.14591636260775728
Rural land area where elevation is below 5 meters (% of total land area),-0.08520918309153443,0.04468434510019438,0.08213330331093373,-0.1298935281917288,0.03744895821073935,-0.16734248640246815
Rural land area (sq. km),0.0940721416778925,0.009932973475464209,0.038501496934253636,0.0841391682024283,0.02856852345878943,0.05557064474363887
Urban population living in areas where elevation is below 5 meters (% of total population),-0.16811867794925592,0.097034783409232,0.13112089813873043,-0.26515346135848794,0.034086114729498435,-0.29923957608798635
Land area where elevation is below 5 meters (% of total land area),-0.08433320152427069,0.08109483464706066,0.11892790326899155,-0.16542803617133134,0.03783306862193089,-0.20326110479326226
Urban land area (sq. km),0.15213050111221008,0.2734769693086998,0.37160735033681835,-0.12134646819648973,0.09813038102811855,-0.21947684922460828
International migrant stock (% of population),0.21863682813289148,0.18267678379361954,0.26532194870496145,0.03596004433927194,0.08264516491134191,-0.04668512057206997
"International migrant stock, total",0.398323044076355,0.27900891338419836,0.3954978445482021,0.11931413069215663,0.11648893116400372,0.0028251995281529108
Pump price for diesel fuel (US$ per liter),0.49367964536352466,0.3555255953009763,0.48919269392006576,0.13815405006254833,0.13366709861908943,0.0044869514434588975
Pump price for gasoline (US$ per liter),0.46388273331565366,0.42258799335004466,0.5603825327580331,0.041294739965609006,0.13779453940798841,-0.09649979944237941
"PM2.5 pollution, population exposed to levels exceeding WHO Interim Target-1 value (% of total)",-0.23614424272535164,-0.057375576212814534,-0.07688420922216119,-0.17876866651253712,-0.019508633009346653,-0.15926003350319046
"PM2.5 pollution, population exposed to levels exceeding WHO Interim Target-2 value (% of total)",-0.29038193640937393,-0.18386548653629856,-0.279369567198407,-0.10651644987307538,-0.09550408066210844,-0.011012369210966932
"PM2.5 air pollution, population exposed to levels exceeding WHO guideline value (% of total)",-0.4720073625554332,-0.4143588497368286,-0.5767878888010377,-0.05764851281860456,-0.16242903906420908,0.10478052624560452
"PM2.5 pollution, population exposed to levels exceeding WHO Interim Target-3 value (% of total)",-0.32894475408587176,-0.28352783096971146,-0.4205638752559593,-0.0454169231161603,-0.13703604428624783,0.09161912117008753
"PM2.5 air pollution, mean annual exposure (micrograms per cubic meter)",-0.41657044427391854,-0.30474829931972786,-0.44343965626818094,-0.11182214495419068,-0.13869135694845308,0.0268692119942624
Political Stability and Absence of Violence/Terrorism: Percentile Rank,0.32997336946441347,0.19374658446940413,0.28540991105838054,0.13622678499500934,0.09166332658897641,0.04456345840603293
Voice and Accountability: Standard Error,-0.5945039824238733,-0.4543471689822741,-0.6310548125577162,-0.14015681344159914,-0.1767076435754421,0.03655083013384297
Political Stability and Absence of Violence/Terrorism: Number of Sources,0.6742215422708557,0.5601028235847526,0.7216926000568433,0.11411871868610313,0.16158977647209072,-0.04747105778598759
Political Stability and Absence of Violence/Terrorism: Estimate,0.29466718919013657,0.20310137534330522,0.2992112518293065,0.09156581384683135,0.0961098764860013,-0.0045440626391699546
Government Effectiveness: Standard Error,0.21015216455666405,0.21437662123423357,0.324047697775065,-0.004224456677569516,0.10967107654083141,-0.11389553321840093
"Government Effectiveness: Percentile Rank, Upper Bound of 90% Confidence Interval",0.21678217705366543,0.20864150902375994,0.3044913699896338,0.008140668029905485,0.09584986096587383,-0.08770919293596835
Voice and Accountability: Number of Sources,0.5329525873687941,0.44342050513080267,0.6019643348905749,0.08953208223799147,0.15854382975977221,-0.06901174752178074
Government Effectiveness: Percentile Rank,0.2379778268051769,0.17856465708039923,0.26072011625666364,0.05941316972477767,0.0821554591762644,-0.022742289451486736
Government Effectiveness: Estimate,0.2528246811910722,0.20487268748570622,0.30059033211241815,0.047951993705365986,0.09571764462671192,-0.04776565092134594
Control of Corruption: Standard Error,-0.5970547988488526,-0.5188963482302947,-0.7022186861306587,-0.07815845061855786,-0.183322337900364,0.10516388728180615
"Control of Corruption: Percentile Rank, Upper Bound of 90% Confidence Interval",0.20225393148226356,0.12101282926745863,0.1738034388647685,0.08124110221480493,0.052790609597309884,0.02845049261749505
"Control of Corruption: Percentile Rank, Lower Bound of 90% Confidence Interval",0.38013503350903594,0.24004323814869744,0.3425199785980083,0.1400917953603385,0.10247674044931088,0.03761505491102762
Control of Corruption: Percentile Rank,0.2955486688272394,0.17378946390566832,0.25253393677919583,0.12175920492157108,0.07874447287352751,0.04301473204804357
Control of Corruption: Number of Sources,0.597230219557262,0.49111708197780723,0.6546897097069765,0.10611313757945473,0.16357262772916925,-0.05745949014971452
Control of Corruption: Estimate,0.3252878567840504,0.18342618508463535,0.26120759715493136,0.14186167169941508,0.07778141207029601,0.06408025962911906
Government Effectiveness: Number of Sources,0.5738178030070026,0.4761026144662612,0.6272871575622652,0.0977151885407414,0.151184543096004,-0.05346935455526258
"Political Stability and Absence of Violence/Terrorism: Percentile Rank, Lower Bound of 90% Confidence Interval",0.4387332284274713,0.2543754737077943,0.37061166428669967,0.18435775471967702,0.11623619057890539,0.06812156414077164
Voice and Accountability: Estimate,0.29522931308860206,0.2860260345637101,0.39399859544374044,0.009203278524891945,0.10797256088003032,-0.09876928235513838
Political Stability and Absence of Violence/Terrorism: Standard Error,-0.6329649081346924,-0.5183212583489105,-0.707008715182336,-0.1146436497857819,-0.18868745683342547,0.07404380704764357
Rule of Law: Standard Error,-0.5190123962964657,-0.462506632701738,-0.6381785884252297,-0.0565057635947277,-0.1756719557234917,0.119166192128764
"Rule of Law: Percentile Rank, Upper Bound of 90% Confidence Interval",0.17902132573490132,0.1427563025218564,0.21585407443145485,0.03626502321304492,0.07309777190959846,-0.036832748696553536
"Rule of Law: Percentile Rank, Lower Bound of 90% Confidence Interval",0.3528798443486365,0.2009569997558289,0.3003495937895181,0.1519228445928076,0.09939259403368919,0.05253025055911842
Rule of Law: Percentile Rank,0.268011444910199,0.17271377645416966,0.2658913163679363,0.09529766845602936,0.09317753991376662,0.0021201285422627336
Rule of Law: Number of Sources,0.5340922599365243,0.44607438249197867,0.601863361516563,0.08801787744454564,0.15578897902458427,-0.06777110158003863
Rule of Law: Estimate,0.20547442148698272,0.1645957744631106,0.25158921687393326,0.04087864702387212,0.08699344241082266,-0.04611479538695054
Regulatory Quality: Standard Error,-0.49451250425234583,-0.37052527469006635,-0.5216902699046206,-0.12398722956227948,-0.1511649952145543,0.02717776565227481
"Regulatory Quality: Percentile Rank, Upper Bound of 90% Confidence Interval",0.0006645387016089545,0.0370403938934643,0.07153365948390346,-0.03637585519185534,0.03449326559043916,-0.0708691207822945
"Political Stability and Absence of Violence/Terrorism: Percentile Rank, Upper Bound of 90% Confidence Interval",0.19505925452956327,0.1176481497256237,0.17675743417665885,0.07741110480393958,0.05910928445103515,0.018301820352904424
"Government Effectiveness: Percentile Rank, Lower Bound of 90% Confidence Interval",0.29409221879011926,0.19233637581779583,0.28498024982955417,0.10175584297232343,0.09264387401175833,0.009111968960565098
Voice and Accountability: Percentile Rank,0.31068332282310995,0.2527196647769946,0.3521539930720499,0.05796365804611536,0.09943432829505533,-0.04147067024893997
"Voice and Accountability: Percentile Rank, Lower Bound of 90% Confidence Interval",0.37075114594241787,0.3099800606175949,0.42525018467906794,0.06077108532482295,0.11527012406147302,-0.054499038736650074
Regulatory Quality: Percentile Rank,0.12133878746742355,0.09382432706542955,0.1490877044860529,0.027514460401993998,0.05526337742062336,-0.02774891701862936
Regulatory Quality: Number of Sources,0.6148406287354523,0.5216925008955722,0.6772491687740608,0.09314812783988013,0.15555666787848865,-0.06240854003860852
Regulatory Quality: Estimate,0.08797952580852492,0.08300641208851572,0.13482708623714987,0.004973113720009192,0.051820674148634144,-0.04684756042862495
"Voice and Accountability: Percentile Rank, Upper Bound of 90% Confidence Interval",0.24987997542251222,0.20409303833634662,0.29293084864689867,0.0457869370861656,0.08883781031055205,-0.04305087322438644
"Regulatory Quality: Percentile Rank, Lower Bound of 90% Confidence Interval",0.24197106857028974,0.13419677764274385,0.20352243874834497,0.1077742909275459,0.06932566110560112,0.038448629821944774
"Compulsory education, duration (years)",0.49171590605192667,0.34175964110164014,0.4709956668703785,0.14995626495028652,0.12923602576873838,0.02072023918154814
"Bound rate, simple mean, manufactured products (%)",-0.13450862235169336,-0.12857069746150881,-0.1924363162939937,-0.005937924890184548,-0.06386561883248487,0.05792769394230032
"Bound rate, simple mean, primary products (%)",-0.13344578234214302,-0.06526127559287641,-0.10183076692874692,-0.06818450674926661,-0.03656949133587051,-0.031615015413396105
"Binding coverage, all products (%)",0.09855117058908149,0.035092062141097224,0.04069314583865055,0.06345910844798426,0.005601083697553327,0.057858024750430934
"Binding coverage, manufactured products (%)",0.09840214635784575,0.12770271181487272,0.16681937026221874,-0.029300565457026972,0.03911665844734602,-0.06841722390437299
"Bound rate, simple mean, all products (%)",-0.13700671260568115,-0.0889074434156969,-0.1450681322270844,-0.04809926918998425,-0.0561606888113875,0.008061419621403249
"Binding coverage, primary products (%)",0.09780591680861878,-0.04275916927301074,-0.05875335513209071,0.14056508608162951,-0.015994185859079968,0.15655927194070948
Scientific and technical journal articles,0.23818902301112863,0.41863906895448205,0.5884843964533647,-0.18045004594335343,0.16984532749888265,-0.35029537344223605
"Tariff rate, most favored nation, simple mean, primary products (%)",-0.37706955451815133,-0.28740713525925476,-0.4301103648280491,-0.08966241925889656,-0.14270322956879433,0.05304081030989777
"Share of tariff lines with specific rates, primary products (%)",-0.24137268918979912,-0.18640537718654604,-0.23985275524613037,-0.05496731200325308,-0.05344737805958433,-0.0015199339436687553
"Tariff rate, applied, simple mean, all products (%)",-0.3156217392782234,-0.19514198828628404,-0.2688359781819221,-0.12047975099193936,-0.07369398989563808,-0.04678576109630128
"Tariff rate, applied, simple mean, manufactured products (%)",-0.2833976518952998,-0.17247658063779428,-0.23225264106468746,-0.11092107125750553,-0.05977606042689318,-0.05114501083061235
"Tariff rate, applied, simple mean, primary products (%)",-0.42939697959923867,-0.33905462899688993,-0.48504746749527305,-0.09034235060234874,-0.14599283849838313,0.055650487896034384
"Share of tariff lines with specific rates, manufactured products (%)",-0.2639112734095444,-0.18173839025812755,-0.23237170152982736,-0.08217288315141685,-0.050633311271699816,-0.03153957187971704
"Tariff rate, applied, weighted mean, all products (%)",-0.41950547473477456,-0.315837571410197,-0.46154904190555973,-0.10366790332457754,-0.1457114704953627,0.04204356717078517
"Tariff rate, applied, weighted mean, manufactured products (%)",-0.35995049537346907,-0.26956632465698666,-0.3975611969895564,-0.09038417071648241,-0.12799487233256973,0.037610701616087316
"Share of tariff lines with international peaks, primary products (%)",-0.19864153799043266,-0.1718044377321009,-0.23329699562835202,-0.026837100258331748,-0.061492557896251104,0.03465545763791936
"Tariff rate, applied, weighted mean, primary products (%)",-0.4573479410487371,-0.3782626811812087,-0.5388687662454186,-0.0790852598675284,-0.16060608506420987,0.08152082519668147
"Tariff rate, most favored nation, weighted mean, primary products (%)",-0.18844013157971337,-0.22782019078651067,-0.3329355722836118,0.0393800592067973,-0.10511538149710115,0.14449544070389844
"Tariff rate, most favored nation, simple mean, all products (%)",-0.2673303651827954,-0.13387379949576625,-0.18585403659840558,-0.13345656568702916,-0.051980237102639326,-0.08147632858438983
"Tariff rate, most favored nation, weighted mean, manufactured products (%)",-0.14169801686963807,-0.08993494267215935,-0.12650460089092685,-0.05176307419747872,-0.03656965821876751,-0.015193415978711211
"Tariff rate, most favored nation, simple mean, manufactured products (%)",-0.18154436966469634,-0.11171272664465068,-0.15754035621593207,-0.06983164302004566,-0.04582762957128139,-0.024004013448764266
"Share of tariff lines with international peaks, manufactured products (%)",0.019461914779876556,0.04529132912197591,0.06170205689787659,-0.02582941434209935,0.016410727775900684,-0.042240142118000035
"Share of tariff lines with international peaks, all products (%)",-0.005304746567070341,0.03083118033231384,0.04336122242288826,-0.03613592689938418,0.012530042090574418,-0.0486659689899586
"Tariff rate, most favored nation, weighted mean, all products (%)",-0.17318805732353112,-0.14353323736613044,-0.20660541717667427,-0.029654819957400685,-0.06307217981054383,0.03341735985314315
"Share of tariff lines with specific rates, all products (%)",-0.26232979400434614,-0.1551677917566192,-0.20015678529930186,-0.10716200224772693,-0.044988993542682654,-0.062173008705044275
"International tourism, receipts for travel items (current US$)",0.45779380128950237,0.41313294974190823,0.5795996846042564,0.04466085154759414,0.16646673486234814,-0.121805883314754
"International tourism, expenditures for travel items (current US$)",0.3207560412338522,0.38540333995538417,0.5515798971877843,-0.06464729872153196,0.16617655723240016,-0.23082385595393212
Renewable electricity output (% of total electricity output),0.04401108882712086,-0.0059768864127697375,0.006661559492316608,0.0499879752398906,0.012638445905086344,0.03734952933480425
"Net bilateral aid flows from DAC donors, Korea, Rep. (current US$)",-0.01603646431119319,0.030354532539525934,0.03475233648464436,-0.046390996850719124,0.004397803945118427,-0.05078880079583755
"Other greenhouse gas emissions, HFC, PFC and SF6 (thousand metric tons of CO2 equivalent)",0.06548037983969805,0.044410872796468735,0.07489628425685335,0.021069507043229317,0.030485411460384616,-0.0094159044171553
CO2 emissions from solid fuel consumption (kt),0.1832302116427586,0.30269959664574425,0.4312098843938425,-0.11946938500298565,0.12851028774809825,-0.2479796727510839
CO2 emissions from solid fuel consumption (% of total),0.1542658331168035,0.2610311141881809,0.382337339783747,-0.10676528107137742,0.12130622559556609,-0.2280715066669435
CO2 emissions from liquid fuel consumption (kt),0.25711753991381747,0.32975148677748173,0.45427698079842704,-0.07263394686366426,0.12452549402094532,-0.19715944088460957
CO2 emissions from liquid fuel consumption (% of total),-0.20720370568673577,-0.1905456800766225,-0.27578509268535417,-0.01665802561011326,-0.08523941260873166,0.0685813869986184
CO2 emissions from gaseous fuel consumption (% of total),0.12283117935085121,0.16054111603252047,0.2240621755692772,-0.03770993668166926,0.06352105953675674,-0.101230996218426
CO2 emissions from gaseous fuel consumption (kt),0.3760398623009233,0.29634166597848416,0.41121736469331077,0.07969819632243913,0.11487569871482661,-0.03517750239238748
"Primary education, pupils",0.06393955925921735,0.11434867929041176,0.17366011345517984,-0.05040912003119441,0.059311434164768084,-0.1097205541959625
"Net bilateral aid flows from DAC donors, Belgium (current US$)",-0.2862882917151081,-0.23082403084657988,-0.33009921982987006,-0.05546426086852824,-0.09927518898329019,0.04381092811476195
Fuel exports (% of merchandise exports),0.06318436522787067,0.013038981783097515,0.03407642237329176,0.05014538344477316,0.021037440590194245,0.029107942854578912
"Access to electricity, urban (% of urban population)",0.4105031894948811,0.42010375423690133,0.5830664004990663,-0.009600564742020201,0.162962646262165,-0.1725632110041852
Access to electricity (% of population),0.552676038548269,0.5316813873996997,0.6994577186565188,0.020994651148569243,0.16777633125681912,-0.14678168010824988
"Access to electricity, rural (% of rural population)",0.5294892602685527,0.4796082273442924,0.6498139330406488,0.04988103292426027,0.1702057056963564,-0.12032467277209613
Manufactures exports (% of merchandise exports),0.02600634600102312,0.051066381573375765,0.09079016267825862,-0.025060035572352646,0.03972378110488286,-0.06478381667723551
Ores and metals exports (% of merchandise exports),-0.0875660481701141,-0.07826004638776937,-0.12397190550413109,-0.009306001782344725,-0.04571185911636172,0.036405857334016994
Agricultural raw materials exports (% of merchandise exports),0.002949184613164463,-0.023899937644682265,-0.030762419563443298,0.02684912225784673,-0.006862481918761033,0.03371160417660776
Food exports (% of merchandise exports),0.05720322525160651,0.007186313824824735,0.01642217259843896,0.050016911426781774,0.009235858773614224,0.040781052653167546
Food imports (% of merchandise imports),-0.07270207452368792,-0.12874473760005611,-0.17929585085443642,0.056042663076368196,-0.0505511132543803,0.1065937763307485
"Net bilateral aid flows from DAC donors, United States (current US$)",-0.10351677477549905,-0.12901210201244234,-0.20223831119131588,0.025495327236943297,-0.07322620917887354,0.09872153641581684
Fuel imports (% of merchandise imports),0.08501852588703071,0.08247773539730897,0.12381792137304708,0.0025407904897217365,0.0413401859757381,-0.038799395486016366
Ores and metals imports (% of merchandise imports),0.13107989593135116,0.186251899749706,0.27535901853401173,-0.055172003818354826,0.08910711878430574,-0.14427912260266057
Agricultural raw materials imports (% of merchandise imports),-0.10621409773152148,-0.042769761153892444,-0.053142118165514715,-0.06344433657762903,-0.010372357011622271,-0.05307197956600676
Manufactures imports (% of merchandise imports),-0.07747901007900106,-0.08443727902001355,-0.12707786327394835,0.006958268941012494,-0.0426405842539348,0.04959885319494729
Net ODA received (% of GNI),-0.3321308841556337,-0.5340981086634186,-0.7110353783198264,0.20196722450778487,-0.17693726965640788,0.37890449416419275
Net secondary income (Net current transfers from abroad) (current US$),0.059969902380016225,0.13990067383895843,0.19231791801609918,-0.0799307714589422,0.05241724417714075,-0.13234801563608295
Net secondary income (Net current transfers from abroad) (current LCU),0.0015621015764181907,0.04715967083503501,0.07344792555345231,-0.04559756925861681,0.026288254718417302,-0.07188582397703412
Merchandise exports to low- and middle-income economies in Europe & Central Asia (% of total merchandise exports),0.2506033578160144,0.3071972789115646,0.44834808488491007,-0.056593921095550226,0.14115080597334545,-0.19774472706889568
Merchandise exports to low- and middle-income economies in South Asia (% of total merchandise exports),0.4321476970777401,0.4708915525394662,0.6535149237461014,-0.038743855461726096,0.18262337120663524,-0.22136722666836134
"GNI per capita, PPP (current international $)",0.9049749472923727,0.753030837285906,0.9208984942606072,0.15194411000646668,0.16786765697470118,-0.015923546968234503
"GNI, PPP (current international $)",0.27699256681674106,0.3728209345444587,0.517230042720435,-0.09582836772771763,0.14440910817597635,-0.240237475903694
"Employment to population ratio, 15+, female (%) (modeled ILO estimate)",0.024216156429186918,0.011467749622157157,0.0075946382624351265,0.012748406807029761,-0.00387311135972203,0.01662151816675179
"Unemployment, female (% of female labor force) (modeled ILO estimate)",0.0013630570262388529,0.06023588373950156,0.11198835060231908,-0.05887282671326271,0.05175246686281752,-0.11062529357608022
"Unemployment, male (% of male labor force) (modeled ILO estimate)",0.041770758099905624,0.08238895332304977,0.13499033490089313,-0.040618195223144145,0.05260138157784336,-0.0932195768009875
"Unemployment, total (% of total labor force) (modeled ILO estimate)",0.037636072448389235,0.07220752016786622,0.13288057825455293,-0.03457144771947698,0.060673058086686715,-0.0952445058061637
"Wage and salaried workers, male (% of male employment) (modeled ILO estimate)",0.45950460015715433,0.3582544394233029,0.5043760478723471,0.10125016073385146,0.14612160844904426,-0.0448714477151928
"Wage and salaried workers, female (% of female employment) (modeled ILO estimate)",0.47542458966679046,0.344215914913702,0.4946073213183283,0.13120867475308845,0.15039140640462628,-0.019182731651537832
"Vulnerable employment, male (% of male employment) (modeled ILO estimate)",-0.43608990328153047,-0.3283001458475847,-0.4621546088505376,-0.10778975743394575,-0.1338544630029529,0.02606470556900714
"Vulnerable employment, female (% of female employment) (modeled ILO estimate)",-0.4769895791041031,-0.3480248169124309,-0.49799778618167695,-0.1289647621916722,-0.14997296926924603,0.021008207077573837
"Unemployment, youth male (% of male labor force ages 15-24) (modeled ILO estimate)",0.19348996107777822,0.17981227210317827,0.25943239478146013,0.01367768897459995,0.07962012267828186,-0.06594243370368191
"Unemployment, youth female (% of female labor force ages 15-24) (modeled ILO estimate)",0.15788601175949782,0.163552643424753,0.24383331089910396,-0.00566663166525519,0.08028066747435095,-0.08594729913960614
"Self-employed, male (% of male employment) (modeled ILO estimate)",-0.4595047613631658,-0.3582544394233029,-0.5043760478723471,-0.10125032193986294,-0.14612160844904426,0.04487128650918132
"Unemployment, youth total (% of total labor force ages 15-24) (modeled ILO estimate)",0.19599233428604074,0.17865961198773528,0.2596798787793215,0.01733272229830546,0.08102026679158625,-0.06368754449328079
"Self-employed, total (% of total employment) (modeled ILO estimate)",-0.47830479992708597,-0.3641854439641808,-0.5164863950211365,-0.11411935596290518,-0.15230095105695568,0.0381815950940505
"Employment to population ratio, ages 15-24, total (%) (modeled ILO estimate)",-0.35146599357266656,-0.2560705229251078,-0.36981968841915375,-0.09539547064755877,-0.11374916549404596,0.01835369484648719
"Employment in services, male (% of male employment) (modeled ILO estimate)",0.5986866435463206,0.5166231432418816,0.6597410590319742,0.08206350030443899,0.1431179157900926,-0.0610544154856536
"Employment to population ratio, 15+, total (%) (modeled ILO estimate)",-0.14593560014440038,-0.13025173091508027,-0.19624313881761507,-0.015683869229320108,-0.0659914079025348,0.05030753867321469
"Employment to population ratio, ages 15-24, male (%) (modeled ILO estimate)",-0.4263680095837933,-0.30531900704219495,-0.43899948840621983,-0.12104900254159834,-0.13368048136402488,0.012631478822426545
Employment in services (% of total employment) (modeled ILO estimate),0.6446633232677608,0.5298182680231927,0.6821115996692807,0.11484505524456812,0.15229333164608805,-0.03744827640151993
Employment in industry (% of total employment) (modeled ILO estimate),0.15499349238256316,0.1312438802990593,0.20347621196524218,0.023749612083503846,0.07223233166618287,-0.048482719582679024
"Employers, total (% of total employment) (modeled ILO estimate)",-0.26863436398078616,-0.23152682863702215,-0.32757044730809093,-0.037107535343764014,-0.09604361867106878,0.05893608332730477
"Contributing family workers, total (% of total employment) (modeled ILO estimate)",-0.537910996540614,-0.4726847380422588,-0.6471517488508578,-0.06522625849835523,-0.174467010808599,0.10924075231024377
"Wage and salaried workers, total (% of total employment) (modeled ILO estimate)",0.4783053961224286,0.3641854439641808,0.5164863950211365,0.11411995215824783,0.15230095105695568,-0.03818099889870785
"Contributing family workers, male (% of male employment) (modeled ILO estimate)",-0.5538318188515726,-0.4779627879547832,-0.6462164993545484,-0.07586903089678942,-0.1682537113997652,0.09238468050297577
"Employment to population ratio, ages 15-24, female (%) (modeled ILO estimate)",-0.24513176753602492,-0.2038062353625141,-0.2811994380069552,-0.041325532173510815,-0.07739320264444108,0.03606767047093026
"Employers, female (% of female employment) (modeled ILO estimate)",-0.08195549275403459,-0.06023506446561304,-0.09407300202102627,-0.02172042828842155,-0.03383793755541323,0.012117509266991677
"Employment to population ratio, 15+, male (%) (modeled ILO estimate)",-0.33186094437481434,-0.27228578340782816,-0.4126857187367094,-0.059575160966986174,-0.14039993532888123,0.08082477436189506
"Employers, male (% of male employment) (modeled ILO estimate)",-0.27627360961194064,-0.2394166970629606,-0.33877860612563415,-0.03685691254898005,-0.09936190906267356,0.06250499651369351
"Employment in industry, female (% of female employment) (modeled ILO estimate)",-0.1908857552851114,-0.11089346104870768,-0.15977507387630555,-0.07999229423640372,-0.04888161282759787,-0.03111068140880585
"Employment in industry, male (% of male employment) (modeled ILO estimate)",0.3610974709809656,0.2692621648672865,0.40202758191932697,0.09183530611367913,0.13276541705204048,-0.04093011093836135
"Self-employed, female (% of female employment) (modeled ILO estimate)",-0.4754256752041275,-0.344215914913702,-0.4946073213183283,-0.13120976029042547,-0.15039140640462628,0.019181646114200812
"Employment in services, female (% of female employment) (modeled ILO estimate)",0.5480802337344749,0.44588639183691603,0.5957670688428872,0.10219384189755887,0.14988067700597119,-0.04768683510841232
"Contributing family workers, female (% of female employment) (modeled ILO estimate)",-0.5297668162741106,-0.47181413187112076,-0.6423483430421444,-0.05795268440298984,-0.17053421117102363,0.11258152676803379
"Vulnerable employment, total (% of total employment) (modeled ILO estimate)",-0.4645441478670633,-0.3451137275276881,-0.49458231351398557,-0.11943042033937518,-0.14946858598629748,0.0300381656469223
Employment in agriculture (% of total employment) (modeled ILO estimate),-0.5987671260293883,-0.46830450074372054,-0.6263490703875139,-0.13046262528566777,-0.15804456964379332,0.027581944358125554
"Employment in agriculture, female (% of female employment) (modeled ILO estimate)",-0.48670829390190296,-0.3851071985143418,-0.530275867880159,-0.10160109538756118,-0.14516866936581724,0.04356757397825606
"Employment in agriculture, male (% of male employment) (modeled ILO estimate)",-0.6109832845217215,-0.48947111327951415,-0.6481107345682383,-0.12151217124220731,-0.15863962128872416,0.03712745004651685
"Net official flows from UN agencies, UNDP (current US$)",-0.2447217117425186,-0.2110983328474648,-0.29741665057773664,-0.03362337889505382,-0.08631831773027185,0.05269493883521803
GNI (current LCU),0.06474914517841522,0.31093997708615917,0.4398470679322318,-0.24619083190774393,0.12890709084607266,-0.3750979227538166
GNI (current US$),0.3416940157333334,0.44134074461750084,0.5935514149861503,-0.09964672888416742,0.15221067036864944,-0.25185739925281686
GNI per capita (current LCU),0.05996770783357156,0.25967222958427116,0.3593185143944842,-0.1997045217506996,0.09964628481021304,-0.2993508065609126
Adjusted net national income (current US$),0.3276210028097967,0.43591732647846343,0.5882609877403537,-0.1082963236686667,0.1523436612618903,-0.260639984930557
Adjusted net national income per capita (current US$),0.9557330005928493,0.8631533177623565,0.9688033107998132,0.09257968283049278,0.1056499930374567,-0.01307031020696392
"Services, value added (annual % growth)",0.024313879771492335,0.04660085859712489,0.0576635552790318,-0.022286978825632558,0.01106269668190691,-0.033349675507539464
Adjusted savings: carbon dioxide damage (% of GNI),-0.36186759447045674,-0.2595147724621443,-0.38308169072893516,-0.10235282200831242,-0.12356691826679084,0.02121409625847842
Adjusted savings: consumption of fixed capital (% of GNI),0.4768881325239042,0.3216720438865925,0.4502005140408145,0.15521608863731173,0.12852847015422203,0.026687618483089703
"GNI per capita, Atlas method (current US$)",0.9608249311706177,0.8592511375932468,0.9690595516676684,0.10157379357737095,0.10980841407442166,-0.008234620497050704
Merchandise imports from low- and middle-income economies in Middle East & North Africa (% of total merchandise imports),0.12240300308782509,0.31312664241998184,0.44959551436509965,-0.19072363933215675,0.1364688719451178,-0.32719251127727456
"GNI, Atlas method (current US$)",0.32560956665426277,0.43393903160236624,0.588074462855015,-0.10832946494810347,0.15413543125264872,-0.2624648962007522
GNI: linked series (current LCU),0.0625287067567935,0.29235405800771463,0.4186653375720395,-0.22982535125092113,0.12631127956432486,-0.356136630815246
Adjusted savings: education expenditure (current US$),0.3439436529617988,0.44311850201163167,0.6005450146231368,-0.09917484904983287,0.15742651261150514,-0.256601361661338
Adjusted savings: energy depletion (% of GNI),-0.15976267461713387,-0.07148623227386594,-0.10055719837342884,-0.08827644234326792,-0.029070966099562903,-0.05920547624370502
Adjusted savings: mineral depletion (% of GNI),0.02704079889415529,-0.03691017452878994,-0.05597415507352398,0.06395097342294523,-0.019063980544734044,0.08301495396767927
Adjusted savings: natural resources depletion (% of GNI),-0.24944984736100348,-0.2194554451693301,-0.3237356806907738,-0.029994402191673375,-0.10428023552144369,0.07428583332977032
Adjusted savings: net forest depletion (% of GNI),-0.2490845519804428,-0.2885691262942147,-0.3725110735967946,0.03948457431377192,-0.08394194730257987,0.12342652161635179
Net primary income (Net income from abroad) (current US$),-0.361966349133174,-0.3760859364914246,-0.5314524461453622,0.014119587358250585,-0.15536650965393767,0.16948609701218825
Net primary income (Net income from abroad) (current LCU),-0.11645047033478215,-0.22652779409738172,-0.33642204427137673,0.11007732376259957,-0.10989425017399501,0.21997157393659458
Merchandise imports from low- and middle-income economies in South Asia (% of total merchandise imports),0.4439491863659482,0.44881440066375383,0.6478579924422562,-0.00486521429780562,0.19904359177850234,-0.20390880607630796
"Services, value added (constant LCU)",0.00473580058112337,0.22029021005016236,0.3131582760743735,-0.21555440946903898,0.09286806602421116,-0.30842247549325014
"GDP, PPP (current international $)",0.2781922815189788,0.3728781302203207,0.5178086140192104,-0.09468584870134189,0.14493048379888973,-0.23961633250023162
"GDP per capita, PPP (current international $)",0.9042703469347945,0.7501786007800788,0.918961740829582,0.15409174615471566,0.16878314004950323,-0.014691393894787574
"PPP conversion factor, GDP (LCU per international $)",-0.03932964679201265,0.14427715267401597,0.18773968284507894,-0.18360679946602862,0.04346253017106297,-0.2270693296370916
CO2 emissions (kg per PPP $ of GDP),-0.33587167358631526,-0.25341226628502544,-0.3660798259499931,-0.08245940730128981,-0.11266755966496766,0.030208152363677854
Price level ratio of PPP conversion factor (GDP) to market exchange rate,0.7524888595250626,0.5836264599963426,0.7885448158678863,0.16886239952872006,0.20491835587154372,-0.03605595634282366
"Net bilateral aid flows from DAC donors, France (current US$)",0.08475234513269381,0.07856827288166274,0.12677314198991438,0.00618407225103107,0.04820486910825164,-0.04202079685722057
Claims on private sector (annual growth as % of broad money),-0.06798685631836955,-0.018136177797547524,-0.02783829754362076,-0.04985067852082203,-0.009702119746073237,-0.040148558774748794
Merchandise imports from low- and middle-income economies in Sub-Saharan Africa (% of total merchandise imports),0.31846713293918333,0.20832398305304234,0.3025708664149936,0.11014314988614099,0.09424688336195125,0.01589626652418974
Broad money growth (annual %),-0.07417072531243941,-0.050218028695234736,-0.0722786940912735,-0.02395269661720468,-0.022060665396038757,-0.0018920312211659213
Merchandise imports from economies in the Arab World (% of total merchandise imports),0.16952437272927898,0.374884368547603,0.5252831182022305,-0.205359995818324,0.15039874965462752,-0.3557587454729515
Claims on central government (annual growth as % of broad money),-0.07101343463693968,0.06461268444152528,0.08842980229044212,-0.13562611907846495,0.02381711784891684,-0.1594432369273818
Broad money to total reserves ratio,0.15335002945240825,0.1762052803121065,0.26163082873958016,-0.02285525085969825,0.08542554842747366,-0.10828079928717191
Broad money (current LCU),0.12754158118289594,0.2969251700680272,0.4302430857263961,-0.16938358888513128,0.13331791565836887,-0.30270150454350014
"Claims on central government, etc. (% GDP)",-0.10765171233995664,0.06342857142857143,0.10518151955070468,-0.17108028376852807,0.041752948122133246,-0.21283323189066133
Gross value added at basic prices (GVA) (current US$),0.34721670554759326,0.4414347621104366,0.5939826857383318,-0.09421805656284332,0.1525479236278952,-0.24676598019073853
"Services, value added (current US$)",0.32171599323881384,0.43898589912834646,0.5962041503059281,-0.11726990588953262,0.15721825117758165,-0.27448815706711427
Monetary Sector credit to private sector (% GDP),0.15653337695408398,0.09442176870748299,0.1380455653279644,0.06211160824660099,0.043623796620481395,0.018487811626119593
Net domestic credit (current LCU),0.1192110507869691,0.2821496598639456,0.4128116986330402,-0.1629386090769765,0.1306620387690946,-0.2936006478460711
Net foreign assets (current LCU),0.057084763213390954,0.3187755102040816,0.45140722687294693,-0.26169074699069067,0.1326317166688653,-0.394322463659556
"Net bilateral aid flows from DAC donors, Canada (current US$)",-0.1843246053314364,-0.1890214420922254,-0.27145353183162396,0.004696836760788997,-0.08243208973939856,0.08712892650018755
"Services, value added (current LCU)",0.06849488994276234,0.3214676855767099,0.45244962192846855,-0.2529727956339476,0.13098193635175864,-0.3839547319857062
Merchandise exports to economies in the Arab World (% of total merchandise exports),0.16738674307314363,0.40761524279752914,0.5796908822885631,-0.2402284997243855,0.172075639491034,-0.41230413921541953
Refugee population by country or territory of origin,0.06955045001687685,0.13389406778835983,0.19512162815284328,-0.06434361777148298,0.06122756036448346,-0.12557117813596644
Gross value added at basic prices (GVA) (current LCU),0.06519122543210991,0.31205316789000787,0.442035102722568,-0.24686194245789794,0.12998193483256015,-0.3768438772904581
Broad money (% of GDP),0.18171087553587922,0.1593469387755102,0.20841517431387094,0.02236393676036902,0.04906823553836073,-0.026704298777991714
"Agriculture, forestry, and fishing, value added (current LCU)",0.00869540656556695,0.23934914691062073,0.3465994420382948,-0.2306537403450538,0.10725029512767406,-0.33790403547272785
"Agriculture, forestry, and fishing, value added (% of GDP)",-0.45340253194210267,-0.4498153154269228,-0.6285071528171053,-0.0035872165151798474,-0.17869183739018252,0.17510462087500267
Taxes less subsidies on products (current LCU),0.08317820642235857,0.27725210395563804,0.40684856205963393,-0.19407389753327947,0.1295964581039959,-0.32367035563727536
"Manufacturing, value added (current LCU)",0.04226200170251047,0.3327324552943245,0.461359852305825,-0.290470453591814,0.1286273970115005,-0.4190978506033145
Taxes less subsidies on products (current US$),0.3149287327862616,0.4157217007984902,0.576234917441803,-0.10079296801222859,0.1605132166433128,-0.2613061846555414
"Manufacturing, value added (% of GDP)",-0.1283476685232661,-0.08297564070982072,-0.10984688753642581,-0.045372027813445376,-0.02687124682660509,-0.018500780986840284
"Agriculture, forestry, and fishing, value added (current US$)",0.3283001060432743,0.3771657136249155,0.5292359582896383,-0.04886560758164121,0.1520702446647228,-0.200935852246364
"Services, value added (% of GDP)",0.37456970203499035,0.2959450913855927,0.42971341316331907,0.07862461064939763,0.13376832177772635,-0.05514371112832872
"Manufacturing, value added (current US$)",0.3312859568349809,0.416021006274079,0.5635262412101221,-0.0847350494390981,0.14750523493604306,-0.23224028437514116
"Industry (including construction), value added (current US$)",0.4107974626119099,0.44295849907707047,0.5855569304612925,-0.03216103646516055,0.14259843138422207,-0.17475946784938262
"Industry (including construction), value added (current LCU)",0.06948625233508787,0.32285537459989433,0.45221056334878446,-0.25336912226480646,0.12935518874889013,-0.3827243110136966
"Industry (including construction), value added (% of GDP)",0.010193375034435546,0.03737237006556444,0.053572328333699626,-0.027178995031128892,0.016199958268135188,-0.043378953299264084
"Foreign direct investment, net inflows (% of GDP)",0.10061946848262304,0.052840661810936156,0.07008633447570017,0.04777880667168689,0.017245672664764018,0.03053313400692287
GDP per capita (current US$),0.9737372184294862,0.893339139328865,0.9800129659620044,0.08039807910062124,0.08667382663313938,-0.006275747532518139
"Agriculture, forestry, and fishing, value added (constant LCU)",-0.056748313951667996,0.11996626051720778,0.14651619823152984,-0.17671457446887578,0.026549937714322056,-0.20326451218319783
Merchandise trade (% of GDP),-0.2621320993535976,-0.14611449738657425,-0.22082272175424383,-0.11601760196702335,-0.07470822436766958,-0.04130937759935377
"Agriculture, forestry, and fishing, value added (annual % growth)",-0.1009989076298292,-0.08426752298067419,-0.12658786917670106,-0.01673138464915501,-0.04232034619602687,0.02558896154687186
Adjusted savings: consumption of fixed capital (current US$),0.4373162912267513,0.4555603176523739,0.6146668768325876,-0.018244026425622617,0.15910655918021366,-0.17735058560583628
GDP per capita (current LCU),0.061422431857408574,0.25789072741712304,0.355876612718775,-0.19646829555971446,0.09798588530165198,-0.29445418086136643
DEC alternative conversion factor (LCU per US$),-0.1018292683302911,0.0750473758360077,0.09156451420946463,-0.17687664416629878,0.016517138373456933,-0.19339378253975573
GDP per capita growth (annual %),0.026672448280186615,0.0560241620333252,0.07438748129984249,-0.029351713753138584,0.01836331926651729,-0.04771503301965588
GDP deflator (base year varies by country),0.41345758022654333,0.3205606234603092,0.44109288823172393,0.0928969567662341,0.12053226477141471,-0.027635308005180603
GDP (current US$),0.34280900804159925,0.4413365265568406,0.5944191268905288,-0.09852751851524133,0.1530826003336882,-0.25161011884892953
GDP (current LCU),0.06683066011720756,0.3099151071197543,0.4387627532349236,-0.24308444700254672,0.1288476461151693,-0.371932093117716
GDP per capita (constant LCU),-0.06150197877228139,0.09953199840597553,0.10965646139510196,-0.1610339771782569,0.010124462989126434,-0.17115844016738335
GDP growth (annual %),-0.021438651388883977,0.006747932095320374,0.0039018681536971724,-0.02818658348420435,-0.0028460639416232015,-0.02534051954258115
GDP (constant LCU),-0.005270546888895598,0.21001721030291892,0.2929697862703713,-0.21528775719181453,0.08295257596745237,-0.2982403331592669
GDP: linked series (current LCU),0.06466151911654938,0.2930452768814534,0.4192050921177851,-0.228383757764904,0.12615981523633174,-0.35454357300123573
"Inflation, GDP deflator: linked series (annual %)",-0.07906812756724879,-0.05120809759432639,-0.08233533092777966,-0.027860029972922404,-0.03112723333345327,0.0032672033605308654
Forest rents (% of GDP),-0.2117349006541513,-0.17917392277292202,-0.2497091772002858,-0.032560977881229275,-0.07053525442736377,0.0379742765461345
Total natural resources rents (% of GDP),-0.07274319271510969,-0.0856552025647925,-0.12975391167021483,0.012912009849682812,-0.044098709105422323,0.057010718955105136
"Manufacturing, value added (annual % growth)",-0.1219047343400915,-0.06313985055489062,-0.09642940685460895,-0.05876488378520088,-0.03328955629971833,-0.02547532748548255
Gross value added at basic prices (GVA) (constant LCU),-0.007705789331469702,0.20550041858039708,0.2869825132786557,-0.21320620791186679,0.08148209469825862,-0.2946883026101254
"Inflation, GDP deflator (annual %)",-0.07991259621751938,-0.053548106304800384,-0.0870330013147685,-0.026364489912718996,-0.03348489500996812,0.007120405097249122
Domestic credit to private sector by banks (% of GDP),0.1847688923721447,0.10826621696483778,0.15829152810800162,0.07650267540730692,0.050025311143163845,0.026477364264143072
"Industry (including construction), value added (constant LCU)",-0.023560268610566978,0.20530995145956787,0.28603952467022986,-0.22887022007013486,0.08072957321066199,-0.30959979328079684
Oil rents (% of GDP),0.04530687026347426,-0.0043278134592824695,0.0008288508082346715,0.04963468372275673,0.005156664267517141,0.04447801945523959
Natural gas rents (% of GDP),-0.12912842320883003,0.08311647630653292,0.10547843370936352,-0.21224489951536296,0.022361957402830604,-0.23460685691819355
"Industry (including construction), value added (annual % growth)",-0.01791899512998649,-0.07332934272938874,-0.11257941862587657,0.05541034759940225,-0.03925007589648784,0.09466042349589009
Mineral rents (% of GDP),-0.016748639374499413,-0.04067824805779607,-0.06088840939212757,0.023929608683296653,-0.020210161334331504,0.04413977001762816
"Manufacturing, value added (constant LCU)",-0.05435611621486232,0.2188692593978575,0.2934609867267241,-0.2732253756127198,0.0745917273288666,-0.3478171029415864
GDP deflator: linked series (base year varies by country),0.4120890834183101,0.29946931832560003,0.41943510294111164,0.11261976509271004,0.1199657846155116,-0.007346019522801561
Merchandise imports from low- and middle-income economies in Europe & Central Asia (% of total merchandise imports),0.30081117209948605,0.39653108787528696,0.5743612822374352,-0.09571991577580091,0.17783019436214825,-0.27355011013794917
"Net bilateral aid flows from DAC donors, European Union institutions (current US$)",-0.007560310055031868,-0.025007823469409007,-0.04285588338032285,0.017447513414377138,-0.01784805991091384,0.03529557332529098
Net official development assistance received (current US$),-0.12493148580811574,-0.13030228868266752,-0.19531636939630242,0.005370802874551786,-0.0650140807136349,0.07038488358818669
Net official development assistance received (constant 2020 US$),-0.20583129615589807,-0.19395563733466867,-0.2860067806253478,-0.011875658821229401,-0.09205114329067912,0.08017548446944972
Net official development assistance and official aid received (current US$),-0.1304007149146272,-0.13977909901751798,-0.2091620079093802,0.009378384102890769,-0.06938290889186222,0.07876129299475298
Net official development assistance and official aid received (constant 2020 US$),-0.21106698266793175,-0.20151939187989606,-0.29479047947551146,-0.009547590788035687,-0.09327108759561539,0.0837234968075797
"Net bilateral aid flows from DAC donors, Total (current US$)",-0.10331888116539564,-0.13876040785228982,-0.208398396109126,0.03544152668689418,-0.06963798825683618,0.10507951494373036
"Net bilateral aid flows from DAC donors, Japan (current US$)",-0.21012010150662552,-0.2982237733363911,-0.43272239426823367,0.08810367182976558,-0.13449862093184256,0.22260229276160814
"Net bilateral aid flows from DAC donors, Germany (current US$)",0.07352101254229221,0.013311556846775686,0.021060176383318474,0.06020945569551652,0.007748619536542788,0.052460836158973734
"Technical cooperation grants (BoP, current US$)",-0.21305372897089256,-0.14514560175587082,-0.21468591176160906,-0.06790812721502174,-0.06954031000573824,0.001632182790716502
"Grants, excluding technical cooperation (BoP, current US$)",-0.1244615416240408,-0.11012568953345908,-0.16390012650438435,-0.014335852090581719,-0.053774436970925266,0.03943858488034355
Net ODA received per capita (current US$),-0.2675982478905378,-0.3029330158877245,-0.4406434644801076,0.035334767997186656,-0.13771044859238313,0.17304521658956978
Merchandise exports to low- and middle-income economies in Sub-Saharan Africa (% of total merchandise exports),0.3428189384777234,0.33094142137880656,0.4881244977655392,0.011877517098916823,0.15718307638673262,-0.1453055592878158
Individuals using the Internet (% of population),0.7483743247995944,0.5716639800880353,0.7619372439555601,0.1767103447115591,0.19027326386752474,-0.013562919155965636
Total reserves minus gold (current US$),0.26207188673619297,0.3963815734909344,0.5615191485509212,-0.13430968675474142,0.16513757505998683,-0.29944726181472825
"Total reserves (includes gold, current US$)",0.2733096829338367,0.412351646838625,0.5871458023057126,-0.13904196390478835,0.17479415546708754,-0.3138361193718759
Merchandise exports to low- and middle-income economies in East Asia & Pacific (% of total merchandise exports),0.6687215776159116,0.5083115749517982,0.7091095377974478,0.16041000266411332,0.20079796284564955,-0.04038796018153623
"Official exchange rate (LCU per US$, period average)",-0.14626158627530164,0.019916337581173345,0.0058584876831867475,-0.16617792385647498,-0.014057849897986597,-0.1521200739584884
"Armed forces personnel, total",0.15443658650226105,0.1639584609268374,0.23549959769654616,-0.00952187442457636,0.07154113676970875,-0.0810630111942851
Armed forces personnel (% of total labor force),-0.02068610159049049,-0.13604581746174255,-0.18784940724393673,0.11535971587125206,-0.05180358978219418,0.16716330565344623
Fixed telephone subscriptions,0.22047166608711735,0.3426896444961678,0.4882529585318864,-0.12221797840905044,0.1455633140357186,-0.267781292444769
Fixed telephone subscriptions (per 100 people),0.7007690907974451,0.5209880729619836,0.7112195959478541,0.17978101783546152,0.19023152298587054,-0.010450505150409017
Mobile cellular subscriptions (per 100 people),0.7150903740851052,0.5502476504470653,0.7473133667118251,0.16484272363803998,0.19706571626475988,-0.032222992626719904
Mobile cellular subscriptions,0.3233219374168957,0.46761360932061313,0.658175556947203,-0.14429167190371744,0.19056194762658984,-0.3348536195303073
Merchandise imports by the reporting economy (current US$),0.4109082193805139,0.4511508385280164,0.6038567756519454,-0.04024261914750249,0.152705937123929,-0.19294855627143148
"Merchandise imports by the reporting economy, residual (% of total merchandise imports)",0.22873098141329215,-0.09482805654692604,-0.14958555922463837,0.3235590379602182,-0.05475750267771233,0.3783165406379305
Adjusted savings: energy depletion (current US$),0.22421156008297122,0.1694505920843377,0.21655119275477433,0.05476096799863353,0.04710060067043664,0.007660367328196888
Merchandise imports from high-income economies (% of total merchandise imports),-0.4670565066732653,-0.3304630580540058,-0.4654404859897919,-0.13659344861925954,-0.1349774279357861,-0.0016160206834734403
Merchandise imports (current US$),0.40365226778882884,0.46635156216321966,0.6210340201962792,-0.06269929437439081,0.15468245803305952,-0.21738175240745033
Merchandise imports from low- and middle-income economies in East Asia & Pacific (% of total merchandise imports),0.5561628641559204,0.44742355585783167,0.6464993206672212,0.10873930829808875,0.1990757648093895,-0.09033645651130073
Merchandise imports from low- and middle-income economies in Latin America & the Caribbean (% of total merchandise imports),0.09704422788890164,0.08457122759320602,0.11774935271305981,0.012473000295695619,0.03317812511985378,-0.020705124824158164
"Labor force participation rate, total (% of total population ages 15+) (modeled ILO estimate)",-0.1562300079123505,-0.14641047652571906,-0.21148495010103857,-0.009819531386631442,-0.06507447357531951,0.055254942188688067
Agricultural methane emissions (thousand metric tons of CO2 equivalent),0.1362333295566524,0.21845413284852752,0.31324108138497403,-0.08222080329187512,0.09478694853644651,-0.17700775182832162
Merchandise exports to high-income economies (% of total merchandise exports),-0.4066153345306795,-0.27245892190193394,-0.36894766100278764,-0.13415641262874556,-0.0964887391008537,-0.037667673527891854
Merchandise exports to low- and middle-income economies in Latin America & the Caribbean (% of total merchandise exports),-0.10258786430145792,0.003223963477495549,-0.005027522360344313,-0.10581182777895347,-0.008251485837839863,-0.0975603419411136
Adjusted savings: education expenditure (% of GNI),0.24728662387780923,0.1136624560990214,0.15398503576934525,0.13362416777878783,0.04032257967032385,0.09330158810846398
Export value index (2015 = 100),0.6276029736773066,0.5193440946462093,0.7105699880860836,0.10825887903109721,0.19122589343987428,-0.08296701440877707
Ratio of female to male labor force participation rate (%) (modeled ILO estimate),0.3047922041645115,0.2300933173783331,0.3269562766436117,0.07469888678617842,0.0968629592652786,-0.022164072479100183
"Merchandise exports by the reporting economy, residual (% of total merchandise exports)",0.2819264919557876,-0.04863151659091387,-0.0705547515157697,0.3305580085467015,-0.02192323492485583,0.3524812434715573
Merchandise exports by the reporting economy (current US$),0.4123197517339628,0.4422815381595476,0.595053816592756,-0.029961786425584835,0.1527722784332084,-0.18273406485879323
Merchandise exports (current US$),0.4170537200678635,0.4633862817037889,0.619627967813091,-0.04633256163592542,0.1562416861093021,-0.20257424774522753
Adjusted savings: mineral depletion (current US$),0.32929952661100415,0.22877896455212599,0.3261929911097782,0.10052056205887816,0.09741402655765219,0.003106535501225971
Import value index (2015 = 100),0.6259394717469495,0.5165135849594258,0.7176047008002643,0.10942588678752374,0.2010911158408385,-0.09166522905331476
Agricultural land (% of land area),0.26187006711577704,0.10795797629407017,0.15882093613731818,0.15391209082170687,0.05086295984324801,0.10304913097845886
Adjusted savings: net forest depletion (current US$),-0.15108339482033437,-0.19735453914846807,-0.2845194114378853,0.0462711443281337,-0.08716487228941722,0.13343601661755092
Agricultural land (sq. km),0.12596430248365312,0.07782129739925907,0.115834030389885,0.04814300508439405,0.038012732990625936,0.010130272093768114
Crop production index (2014-2016 = 100),0.5017714216753808,0.3882385796675082,0.5693353333311441,0.11353284200787261,0.18109675366363587,-0.06756391165576325
Arable land (% of land area),0.3297911635777041,0.14142985648685813,0.19654837414759693,0.18836130709084598,0.0551185176607388,0.13324278943010717
"Mortality rate, under-5 (per 1,000 live births)",-0.6105426835497534,-0.6250606129905383,-0.8133007515067048,0.014517929440784894,-0.1882401385161665,0.2027580679569514
Surface area (sq. km),0.09396866249139861,0.0645044695285355,0.0879292131075095,0.02946419296286311,0.02342474357897399,0.006039449383889117
Rural population growth (annual %),-0.2796509399736172,-0.17013521008324609,-0.23591139613873358,-0.10951572989037109,-0.06577618605548749,-0.0437395438348836
Rural population (% of total population),-0.5239511215339633,-0.4856357914678305,-0.6511255229836271,-0.0383153300661328,-0.16548973151579666,0.12717440144966385
Rural population,-0.015874398818867375,-0.007236323294234643,-0.007683325103524349,-0.008638075524632732,-0.00044700180928970625,-0.008191073715343025
Livestock production index (2014-2016 = 100),0.613042043959751,0.526781167282214,0.7203078418446356,0.08626087667753701,0.19352667456242156,-0.10726579788488455
Land under cereal production (hectares),0.16696430934644454,0.1515819300581783,0.20387726686477428,0.015382379288266246,0.05229533680659598,-0.036912957518329736
"Labor force participation rate for ages 15-24, female (%) (modeled ILO estimate)",-0.1827781723722497,-0.09830446473952134,-0.14959449494004137,-0.08447370763272835,-0.05129003020052003,-0.03318367743220832
Land area (sq. km),0.0939239727209359,0.06183054937952679,0.0848301349163681,0.03209342334140911,0.022999585536841304,0.009093837804567809
Forest area (% of land area),-0.422938714771787,-0.26877772235728675,-0.39093319318458986,-0.15416099241450026,-0.1221554708273031,-0.03200552158719716
Food production index (2014-2016 = 100),0.5913568758196074,0.4606951058287655,0.663143711022849,0.1306617699908419,0.20244860519408348,-0.07178683520324158
Fertilizer consumption (kilograms per hectare of arable land),0.3425535274390458,0.3472122187039278,0.49810952756487664,-0.004658691264881998,0.15089730886094882,-0.15555600012583082
Arable land (hectares),0.18753070542540887,0.08239419123444615,0.1092977175550295,0.10513651419096272,0.02690352632058335,0.07823298787037937
Average precipitation in depth (mm per year),-0.18714182065895177,-0.10383583003750638,-0.1426283410112649,-0.08330599062144539,-0.03879251097375852,-0.04451347964768687
Cereal production (metric tons),0.24135156222928786,0.3507440459870949,0.4979728856333415,-0.10939248375780705,0.1472288396462466,-0.25662132340405364
Cereal yield (kg per hectare),0.6261983669389873,0.4688607437535024,0.6468726457632207,0.15733762318548494,0.17801190200971828,-0.02067427882423334
Forest area (sq. km),0.010841002605574532,-0.10993226478196312,-0.15237266691417276,0.12077326738753766,-0.042440402132209634,0.16321366951974728
Agricultural nitrous oxide emissions (thousand metric tons of CO2 equivalent),0.15777280507988337,0.24813636199576505,0.36293752266926443,-0.09036355691588169,0.11480116067349938,-0.20516471758938107
Net migration,-0.09641278641749557,0.21419973134923012,0.31222009615335,-0.3106125177667257,0.09802036480411988,-0.40863288257084557
"Prevalence of HIV, total (% of population ages 15-49)",0.21345468212007526,0.34512696982641206,0.4627475531108636,-0.1316722877063368,0.11762058328445152,-0.2492928709907883
Adjusted savings: carbon dioxide damage (current US$),0.39026311209930326,0.3999537528963607,0.5381931202548188,-0.009690640797057448,0.1382393673584581,-0.14793000815551555
Arable land (hectares per person),0.11201240028182939,-0.046355995839758767,-0.056231495827167084,0.15836839612158815,-0.009875499987408318,0.16824389610899648
"Labor force participation rate, total (% of total population ages 15-64) (modeled ILO estimate)",0.09519062810464575,0.018417509367904032,0.04371139356107255,0.07677311873674172,0.02529388419316852,0.0514792345435732
"Labor force participation rate, male (% of male population ages 15-64) (modeled ILO estimate)",-0.19833127489255162,-0.19638303029777487,-0.2854430298312062,-0.0019482445947767435,-0.0890599995334313,0.08711175493865456
Urban population growth (annual %),-0.44991750657259144,-0.4159525683039387,-0.5296456735573392,-0.03396493826865277,-0.11369310525340048,0.07972816698474772
Urban population (% of total population),0.5239511215339635,0.4856357914678305,0.6511255229836271,0.038315330066133024,0.16548973151579666,-0.12717440144966363
Urban population,0.15797903126876145,0.2502516465551296,0.3447444437214297,-0.09227261528636815,0.0944927971663001,-0.18676541245266826
"Labor force participation rate for ages 15-24, male (%) (modeled ILO estimate)",-0.41472513747611267,-0.2601539836946086,-0.37025620268077364,-0.15457115378150404,-0.11010221898616501,-0.04446893479533903
Total greenhouse gas emissions (kt of CO2 equivalent),0.24903175307955108,0.31645173998725296,0.4350589707409977,-0.06741998690770187,0.11860723075374474,-0.18602721766144661
Population growth (annual %),-0.43500114078469826,-0.3575723059376697,-0.47296488525983854,-0.07742883484702856,-0.11539257932216884,0.03796374447514028
Nitrous oxide emissions (thousand metric tons of CO2 equivalent),0.1559800014792311,0.2601616097346092,0.3780975503645963,-0.10418160825537812,0.11793594062998708,-0.2221175488853652
Methane emissions (kt of CO2 equivalent),0.2145606945347747,0.2516187866803172,0.3245043421442894,-0.03705809214554248,0.07288555546397224,-0.10994364760951472
CO2 emissions (metric tons per capita),0.42845103012893115,0.3474942912768937,0.4878364582925317,0.08095673885203747,0.140342167015638,-0.05938542816360054
CO2 emissions (kt),0.29812823227032337,0.31617967555877236,0.42655780077828337,-0.018051443288448987,0.11037812521951101,-0.12842956850796
"Labor force participation rate, female (% of female population ages 15-64) (modeled ILO estimate)",0.2545031132169651,0.15352178094861835,0.23139654101194634,0.10098133226834677,0.077874760063328,0.02310657220501877
"Labor force participation rate for ages 15-24, total (%) (modeled ILO estimate)",-0.31816519992311587,-0.2005372927219585,-0.28050601991569674,-0.11762790720115737,-0.07996872719373824,-0.037659180007419135
"Population, total",0.12932890592201163,0.21572948768150646,0.2970868045828537,-0.08640058175949483,0.08135731690134723,-0.16775789866084206
Permanent cropland (% of land area),-0.09727384069310346,0.11279071811247553,0.1778186241884122,-0.210064558805579,0.06502790607593668,-0.2750924648815157
"Population ages 40-44, male (% of male population)",0.657180428189741,0.5679153574828661,0.7604817602245881,0.08926507070687484,0.192566402741722,-0.10330133203484715
"Population, male (% of total population)",-0.5321592430446707,-0.3866264160062509,-0.5686624859975951,-0.14553282703841974,-0.18203606999134414,0.0365032429529244
"Life expectancy at birth, female (years)",0.6577051542956849,0.5730881296619963,0.7567404495772554,0.08461702463368859,0.1836523199152591,-0.09903529528157051
"Life expectancy at birth, male (years)",0.6051782079094148,0.5058218738872541,0.6845952414536413,0.09935633402216071,0.17877336756638718,-0.07941703354422647
"Mortality rate, adult, female (per 1,000 female adults)",-0.5758228546817755,-0.513506911661553,-0.6927886439348844,-0.062315943020222475,-0.17928173227333133,0.11696578925310885
"Mortality rate, adult, male (per 1,000 male adults)",-0.49029209884841224,-0.41676869499125835,-0.5731973729222162,-0.07352340385715389,-0.15642867793095783,0.08290527407380394
"Survival to age 65, female (% of cohort)",0.6052348325320817,0.5403030712285498,0.7232076515501589,0.06493176130353184,0.18290458032160906,-0.11797281901807721
"Survival to age 65, male (% of cohort)",0.5284484763375432,0.44552355860782233,0.6110322494629202,0.08292491772972088,0.1655086908550979,-0.08258377312537701
"Foreign direct investment, net inflows (BoP, current US$)",0.29393766094969426,0.3574843832599088,0.5092428959820834,-0.06354672231021452,0.1517585127221746,-0.21530523503238913
Women Business and the Law Index Score (scale 1-100),0.34245666646616335,0.26057764761416724,0.36725915289824507,0.08187901885199611,0.10668150528407783,-0.024802486432081716
Women's share of population ages 15+ living with HIV (%),-0.10088074285260838,-0.05276001074876715,-0.08927913577609115,-0.048120732103841234,-0.036519125027324,-0.011601607076517237
Age dependency ratio (% of working-age population),-0.6410310618053167,-0.5793683353282526,-0.7814084047520142,-0.061662726477064056,-0.20204006942376163,0.14037734294669757
"Age dependency ratio, old (% of working-age population)",0.666967326457376,0.5822519829567822,0.7857875228248924,0.08471534350059384,0.20353553986811024,-0.1188201963675164
"Age dependency ratio, young (% of working-age population)",-0.7578978973508146,-0.6610626167289542,-0.8563533558293936,-0.09683528062186042,-0.19529073910043948,0.09845545847857906
"Birth rate, crude (per 1,000 people)",-0.7563342149537883,-0.6724613011384692,-0.8585379649978507,-0.08387291381531903,-0.18607666385938149,0.10220375004406246
"Death rate, crude (per 1,000 people)",0.138109293387027,0.031383272097647165,0.04796084370697354,0.10672602128937983,0.016577571609326373,0.09014844968005345
"Immunization, DPT (% of children ages 12-23 months)",0.2165132595877354,0.2062612177998344,0.3065570802796532,0.010252041787901012,0.10029586247981884,-0.09004382069191783
"Immunization, measles (% of children ages 12-23 months)",0.29340291850397526,0.22306498469065067,0.32636110606156077,0.0703379338133246,0.1032961213709101,-0.032958187557585505
"Life expectancy at birth, total (years)",0.6387442901607786,0.5472352695019261,0.7296803442138378,0.09150902065885247,0.18244507471191163,-0.09093605405305916
"Mortality rate, infant (per 1,000 live births)",-0.6347220504040378,-0.6128410186115723,-0.8005349635981626,-0.02188103179246559,-0.1876939449865903,0.16581291319412472
"Mortality rate, infant, female (per 1,000 live births)",-0.6248834076504737,-0.6123798874710079,-0.8007129241525289,-0.012503520179465766,-0.18833303668152102,0.17582951650205525
"Mortality rate, infant, male (per 1,000 live births)",-0.6417999055164012,-0.6124248736785698,-0.800562405877067,-0.02937503183783141,-0.18813753219849716,0.15876250036066575
"Mortality rate, neonatal (per 1,000 live births)",-0.6270904606794014,-0.5679799992109364,-0.747079431856297,-0.05911046146846499,-0.17909943264536055,0.11998897117689555
"Mortality rate, under-5, female (per 1,000 live births)",-0.5959711455510384,-0.6249373365727083,-0.8133877782866366,0.028966191021669974,-0.18845044171392822,0.2174166327355982
"Mortality rate, under-5, male (per 1,000 live births)",-0.6215974777618468,-0.6243185754165339,-0.811868584449905,0.002721097654687088,-0.18755000903337105,0.19027110668805813
"Labor force participation rate, male (% of male population ages 15+) (modeled ILO estimate)",-0.38226110751583375,-0.31907123694409195,-0.46858902062384844,-0.0631898705717418,-0.1495177836797565,0.08632791310801469
Number of infant deaths,-0.10557084435254634,-0.1250246574435525,-0.1733566153158993,0.019453813091006175,-0.04833195787234679,0.06778577096335296
"Labor force participation rate, female (% of female population ages 15+) (modeled ILO estimate)",0.04780327221398446,0.01919297076898639,0.025886985865849386,0.028610301444998074,0.006694015096862998,0.021916286348135076
"Adolescent fertility rate (births per 1,000 women ages 15-19)",-0.584906622127412,-0.4712443661310716,-0.6352089814551543,-0.11366225599634033,-0.16396461532408263,0.050302359327742296
"Labor force, female (% of total labor force)",0.3964174338181829,0.27857124260512306,0.39399346831271065,0.11784619121305984,0.11542222570758759,0.0024239655054722475
"Labor force, total",0.13973700142811865,0.21600152991061303,0.304109754527152,-0.07626452848249438,0.08810822461653897,-0.16437275309903335
Lower secondary school starting age (years),0.020945875657790453,-0.022175679643403702,-0.027785990901402935,0.04312155530119416,-0.005610311257999233,0.048731866559193385
Number of deaths ages 10-14 years,-0.008656703869665517,-0.0029420997593789253,0.013779152084329978,-0.005714604110286591,0.016721251843708904,-0.022435855953995495
Number of deaths ages 15-19 years,0.0882825807674816,0.05483032970186314,0.08793585002065993,0.033452251065618464,0.03310552031879679,0.00034673074682167737
Number of deaths ages 20-24 years,0.09663189054145623,0.1036877801913801,0.14547834143687768,-0.007055889649923874,0.041790561245497584,-0.04884645089542146
Number of deaths ages 5-9 years,-0.1013168162487835,-0.09374324045572965,-0.12395471857530545,-0.007573575793053844,-0.030211478119575794,0.02263790232652195
Population ages 0-14 (% of total population),-0.7801240585786963,-0.6672651795525839,-0.8593737880403339,-0.11285887902611236,-0.19210860848775002,0.07924972946163766
Population ages 15-64 (% of total population),0.6430279128898951,0.5793955395511632,0.7814132791514565,0.06363237333873195,0.20201773960029334,-0.1383853662615614
"Primary education, duration (years)",0.0505139445522705,-0.0036777030301410564,-0.003882590482524684,0.05419164758241155,-0.00020488745238362747,0.05439653503479518
Primary school starting age (years),-0.08157823706902308,-0.0471590162329145,-0.057668949881292085,-0.03441922083610858,-0.010509933648377587,-0.023909287187730992
"Probability of dying among adolescents ages 10-14 years (per 1,000)",-0.641930240658308,-0.5638580253670551,-0.7383465410293009,-0.07807221529125286,-0.17448851566224577,0.09641630037099291
"Probability of dying among adolescents ages 15-19 years (per 1,000)",-0.20126368606459938,-0.3446731061837554,-0.46068557139901,0.14340942011915603,-0.1160124652152546,0.25942188533441063
"Probability of dying among children ages 5-9 years (per 1,000)",-0.5906821568093403,-0.6072623890668591,-0.7941472000500126,0.016580232257518812,-0.18688481098315346,0.20346504324067227
"Probability of dying among youth ages 20-24 years (per 1,000)",-0.16463596241615883,-0.30057030184135514,-0.41043087157253433,0.1359343394251963,-0.10986056973117919,0.2457949091563755
"Secondary education, duration (years)",0.027523675180523597,0.05250394470370754,0.06836966642146382,-0.024980269523183943,0.015865721717756277,-0.040845991240940224
Methane emissions in energy sector (thousand metric tons of CO2 equivalent),0.20467099619523457,0.1812851587107714,0.2311896073917627,0.023385837484463184,0.04990444868099131,-0.026518611196528125
Nitrous oxide emissions in energy sector (thousand metric tons of CO2 equivalent),0.19512230054534496,0.32301307674450735,0.43990270383572483,-0.1278907761991624,0.11688962709121747,-0.24478040329037987
Aquaculture production (metric tons),0.36928607599004604,0.19608696842547885,0.25307803408615503,0.1731991075645672,0.05699106566067619,0.116208041903891
Capture fisheries production (metric tons),-0.036359528307652184,0.23777974342474636,0.3531155894388506,-0.27413927173239855,0.11533584601410421,-0.3894751177465028
Renewable internal freshwater resources per capita (cubic meters),-0.23082686831718316,-0.2564071206215764,-0.35541504796464135,0.02558025230439323,-0.09900792734306496,0.12458817964745819
"Renewable internal freshwater resources, total (billion cubic meters)",0.032284789063143186,0.025567553360424957,0.032618384019045446,0.006717235702718229,0.007050830658620489,-0.0003335949559022597
Total fisheries production (metric tons),0.006090315738886426,0.24416122094082524,0.3603863237547277,-0.2380709052019388,0.11622510281390244,-0.35429600801584127
"Fertility rate, total (births per woman)",-0.6820545947279687,-0.6207637788662285,-0.8171421244772777,-0.06129081586174023,-0.19637834561104928,0.13508752974930904
Number of neonatal deaths,-0.08388820321278544,-0.10853936562284792,-0.14901844098082082,0.024651162410062488,-0.04047907535797289,0.06513023776803538
Number of under-five deaths,-0.1212134639648319,-0.1394507430131109,-0.19234223289644306,0.018237279048278987,-0.05289148988333217,0.07112876893161116
"Population ages 0-14, female",0.06529108074819188,0.11542751780991575,0.16924381110560716,-0.05013643706172387,0.0538162932956914,-0.10395273035741527
"Population ages 50-54, female (% of female population)",0.7989406662322749,0.689436621224769,0.880052685917845,0.10950404500750588,0.19061606469307601,-0.08111201968557014
"Population ages 50-54, male (% of male population)",0.7979896912962274,0.6747191366301039,0.8687519206369042,0.12327055466612358,0.19403278400680035,-0.07076222934067677
"Population ages 55-59, female (% of female population)",0.8054009488718715,0.6831524457324073,0.8705336195982692,0.12224850313946423,0.18738117386586195,-0.06513267072639772
"Population ages 55-59, male (% of male population)",0.8012682865243368,0.6700944187352922,0.8611270883266874,0.1311738677890446,0.1910326695913952,-0.05985880180235059
"Population ages 60-64, female (% of female population)",0.7620421506006722,0.6425637451497077,0.8359128796637342,0.11947840545096444,0.19334913451402647,-0.07387072906306202
"Population ages 60-64, male (% of male population)",0.7626638941851472,0.6406594495459618,0.8364193933449121,0.12200444463918547,0.19575994379895034,-0.07375549915976487
Population ages 65 and above (% of total population),0.7099494485999092,0.6259147607283859,0.8222098831793827,0.08403468787152324,0.19629512245099678,-0.11226043457947354
"Population ages 65 and above, female",0.236601316046054,0.3348454544486504,0.480697615617467,-0.09824413840259638,0.1458521611688166,-0.244096299571413
"Population ages 65 and above, female (% of female population)",0.6993179212722783,0.6208003668211826,0.8201388992076378,0.07851755445109576,0.19933853238645527,-0.12082097793535951
"Population ages 65 and above, male",0.21966418317297726,0.3143719999555471,0.4452600704122817,-0.09470781678256984,0.13088807045673462,-0.22559588723930446
"Population ages 65 and above, male (% of male population)",0.7221879207012208,0.6268941127531696,0.822159655672086,0.0952938079480512,0.1952655429189164,-0.0999717349708652
"Population ages 65 and above, total",0.22937734286927153,0.32587938624675483,0.46688862845939866,-0.0965020433774833,0.14100924221264383,-0.23751128559012713
"Population ages 65-69, female (% of female population)",0.7001398517130762,0.6049131006413591,0.8051077348404655,0.09522675107171719,0.20019463419910644,-0.10496788312738925
"Population ages 65-69, male (% of male population)",0.7088899755054275,0.61489705044957,0.8136856182068568,0.09399292505585755,0.19878856775728682,-0.10479564270142927
"Population ages 70-74, female (% of female population)",0.6698352965653197,0.5839658490001536,0.7886015348159718,0.08586944756516612,0.20463568581581826,-0.11876623825065213
"Population ages 70-74, male (% of male population)",0.6966729240610887,0.6062461075639812,0.8060900322932938,0.09042681649710749,0.19984392472931256,-0.10941710823220507
"Population ages 75-79, female (% of female population)",0.6742145393064297,0.5965069957619662,0.7991785577449367,0.07770754354446352,0.20267156198297054,-0.12496401843850702
"Population ages 75-79, male (% of male population)",0.712402247146462,0.6237112186726228,0.8203828311101632,0.08869102847383925,0.1966716124375404,-0.10798058396370114
"Population ages 80 and above, female (% of female population)",0.6898641146559261,0.5999347278487089,0.8015214484333977,0.08992938680721718,0.20158672058468874,-0.11165733377747156
"Population ages 80 and above, male (% of male population)",0.7219110928078167,0.5977855942387671,0.7991404102710405,0.12412549856904964,0.20135481603227345,-0.07722931746322381
"Population, female",0.1305000904670899,0.2165728185917368,0.29809050700714596,-0.08607272812464689,0.08151768841540916,-0.16759041654005605
"Population, female (% of total population)",0.5321600040549095,0.3866264160062509,0.5686624859975951,0.14553358804865857,0.18203606999134414,-0.03650248194268557
"Population, male",0.12812435260337815,0.21480454410254413,0.29583026917879357,-0.08668019149916598,0.08102572507624944,-0.16770591657541542
"Population ages 45-49, male (% of male population)",0.7556979812857456,0.6469708292612341,0.8468383161876181,0.10872715202451155,0.199867486926384,-0.09114033490187246
"Population ages 45-49, female (% of female population)",0.7416359386978444,0.6454473927782373,0.8465943842850927,0.09618854591960713,0.20114699150685544,-0.10495844558724832
"Population ages 40-44, female (% of female population)",0.6165895931829887,0.5361952335690405,0.7282263756020306,0.08039435961394814,0.1920311420329901,-0.11163678241904196
"Population ages 35-39, male (% of male population)",0.42732226780623556,0.36880764999977084,0.517347139903601,0.05851461780646472,0.1485394899038302,-0.09002487209736548
"Population ages 0-14, female (% of female population)",-0.7826665176614437,-0.6710465665371652,-0.8615575189904834,-0.11161995112427847,-0.19051095245331817,0.0788910013290397
"Population ages 0-14, male",0.06784421440282012,0.11907288367994374,0.17299391972001835,-0.05122866927712362,0.0539210360400746,-0.10514970531719822
"Population ages 0-14, male (% of male population)",-0.7761364020447129,-0.6622051940912017,-0.8558799032922592,-0.1139312079535112,-0.19367470920105745,0.07974350124754626
"Population ages 0-14, total",0.06658961062565434,0.1160804191597715,0.16991838560233904,-0.049490808534117164,0.05383796644256754,-0.1033287749766847
"Population ages 00-04, female (% of female population)",-0.7674623821705281,-0.6789901996270769,-0.8637016189538627,-0.08847218254345124,-0.1847114193267858,0.09623923678333457
"Population ages 00-04, male (% of male population)",-0.7617047458506782,-0.6736853761594989,-0.8612591209724505,-0.0880193696911793,-0.18757374481295164,0.09955437512177234
"Population ages 05-09, female (% of female population)",-0.7787430190661404,-0.6660409895216043,-0.8573358652126325,-0.11270202954453612,-0.1912948756910282,0.07859284614649209
"Population ages 05-09, male (% of male population)",-0.7716004006023068,-0.6529557583015785,-0.8483203455484871,-0.11864464230072835,-0.19536458724690864,0.07671994494618029
"Population ages 10-14, female (% of female population)",-0.770778693139841,-0.6208003668211826,-0.8227579352210255,-0.14997832631865848,-0.2019575683998429,0.05197924208118443
"Population ages 10-14, male (% of male population)",-0.7569177020947857,-0.6061372906723386,-0.8105988517774191,-0.15078041142244714,-0.2044615611050805,0.05368114968263338
"Population ages 15-19, female (% of female population)",-0.7393947045751053,-0.5612231186468446,-0.7659256166799925,-0.17817158592826066,-0.20470249803314788,0.026530912104887228
Sex ratio at birth (male births per female births),0.2852099922165129,0.2002157430560491,0.2891194345515207,0.08499424916046378,0.08890369149547162,-0.00390944233500784
"Population ages 15-19, male (% of male population)",-0.705221069821188,-0.531407290336765,-0.7338974214575282,-0.173813779484423,-0.2024901311207632,0.02867635163634019
"Population ages 15-64, female (% of female population)",0.574561073927363,0.5188389393520417,0.7157811861042026,0.05572213457532127,0.19694224675216088,-0.1412201121768396
"Population ages 15-64, male",0.14265906591956393,0.22593107127300266,0.3097299370841212,-0.08327200535343873,0.08379886581111856,-0.1670708711645573
"Population ages 15-64, male (% of male population)",0.6954806698870193,0.6185968247654193,0.822807738867501,0.07688384512159996,0.2042109141020817,-0.12732706898048174
"Population ages 15-64, total",0.14186784814979475,0.22518448626548349,0.308865595269155,-0.08331663811568873,0.08368110900367154,-0.16699774711936027
"Population ages 20-24, female (% of female population)",-0.6356466488783592,-0.4330912287376523,-0.6158581168412055,-0.20255542014070688,-0.18276688810355318,-0.019788532037153694
"Population ages 20-24, male (% of male population)",-0.5429625027019844,-0.35580403144847705,-0.5213551678276329,-0.18715847125350737,-0.16555113637915586,-0.021607334874351514
"Population ages 25-29, female (% of female population)",-0.4096864186824072,-0.2069425236813644,-0.30785965121115266,-0.20274389500104278,-0.10091712752978826,-0.10182676747125452
"Population ages 25-29, male (% of male population)",-0.22980269046936233,-0.09023640739464778,-0.13979184195360245,-0.13956628307471455,-0.04955543455895467,-0.09001084851575988
"Population ages 30-34, female (% of female population)",-0.09707577747666442,-0.0031828940805468165,-0.012490118744861464,-0.09389288339611761,-0.009307224664314648,-0.08458565873180296
"Population ages 30-34, male (% of male population)",0.08629724049271727,0.12051470749420852,0.17104882241213104,-0.03421746700149125,0.05053411491792252,-0.08475158191941377
"Population ages 35-39, female (% of female population)",0.32520554103110827,0.286025199682643,0.4120940208156567,0.039180341348465264,0.1260688211330137,-0.08688847978454844
"Population ages 15-64, female",0.14109549190637374,0.2239723672234354,0.3080217779752117,-0.08287687531706164,0.0840494107517763,-0.16692628606883794
Population density (people per sq. km of land area),0.1406786867108351,0.20566392520456353,0.2958194607278563,-0.06498523849372842,0.09015553552329278,-0.1551407740170212
t+1 GDP per capita (current US$),1.0,1.0,1.0,0.0,0.0,0.0
